{
  "open_web_math": 3.4032884359359743,
  "proof_pile_v1": 1.8339152574539184,
  "mathpile": 1.874891984462738,
  "automath": 2.647763466835022,
  "numina_math": 1.26542888879776,
  "mean": 2.205057606697083
}